Austin Walker-TheCalcutec
Drew Scanlon-DrewScanlon
Danny O'Dwyer-DannyOdwyer
Ian Kelly-LtSquigs420
Jeff Gerstmann-JeffGerstmann
Brad Shoemaker-BradShoemaker
Greg Kasavin-kid_zomb
Dan Ryckert-DanRyckert
Jason Oestreicher-gijason
Jeff Green-greenspeak
Dave Snyder-enemykite
Will Smith-notthatwillsmith
Patrick Klepek-patrickklepek